team_fifa,team_iso3,team_zh,group_label,head_coach,formation_primary,formation_secondary,tactical_label,tactical_description,key_player_uids,squad_status,metadata_json
Czechia,CZE,捷克,A,Miroslav Koubek,3-4-2-1,"3-5-2,4-2-3-1",老派务实、重纪律和对抗,老派务实、重纪律和对抗，通常更愿意把比赛压进可控节奏。 优先保证中后场密度，靠绍切克、希克等高点做定位球和二点球；边翼卫/边后卫传中和中路抢点是主要得分路径。,"25041687,25042141,25019899,25055083,25038517",final_26,"{""key_player_names"": [""Tomáš Souček"", ""Patrik Schick"", ""Vladimír Darida"", ""Ladislav Krejčí"", ""Vladimír Coufal""], ""raw_tactics"": {""squad_status_raw"": ""26人最终名单（FIFA官方Version 1，2026-06-12 04:24 UTC）"", ""coaching_style"": ""老派务实、重纪律和对抗，通常更愿意把比赛压进可控节奏。"", ""tactical_focus"": ""优先保证中后场密度，靠绍切克、希克等高点做定位球和二点球；边翼卫/边后卫传中和中路抢点是主要得分路径。""}}"
Mexico,MEX,墨西哥,A,Javier Aguirre,4-3-3,"4-2-3-1,4-4-2",阿吉雷偏经验主义和结果导向,阿吉雷偏经验主义和结果导向，强调整体站位、比赛管理和更稳的防守覆盖。 墨西哥会在4后卫基础上用阿尔瓦雷斯保护中路，边路依靠维加、胡尔塔等人制造单点突破，希门尼斯/希门尼斯式中锋提供支点。,"51013463,51054011,5666492,51049312,51052239",final_26,"{""key_player_names"": [""Raúl Jiménez"", ""Edson Álvarez"", ""Guillermo Ochoa"", ""Jesús Gallardo"", ""Orbelín Pineda""], ""raw_tactics"": {""squad_status_raw"": ""26人最终名单（FIFA官方Version 1，2026-06-12 04:24 UTC）"", ""coaching_style"": ""阿吉雷偏经验主义和结果导向，强调整体站位、比赛管理和更稳的防守覆盖。"", ""tactical_focus"": ""墨西哥会在4后卫基础上用阿尔瓦雷斯保护中路，边路依靠维加、胡尔塔等人制造单点突破，希门尼斯/希门尼斯式中锋提供支点。""}}"
South Africa,RSA,南非,A,Hugo Broos,4-2-3-1,"4-3-3,4-4-2",布罗斯的南非队防守组织清晰,布罗斯的南非队防守组织清晰，偏向用稳定核心和快速转换解决进攻效率。 以马梅洛迪日落系球员为技术底盘，门将罗恩文-威廉姆斯参与出球，莫科埃纳负责中场推进和远射，前场用福斯特、阿波利斯冲击身后。,"65010145,65010100,65033785,65029935,65039540",final_26,"{""key_player_names"": [""Ronwen Williams"", ""Themba Zwane"", ""Teboho Mokoena"", ""Aubrey Modiba"", ""Lyle Foster""], ""raw_tactics"": {""squad_status_raw"": ""26人最终名单（FIFA官方Version 1，2026-06-12 04:24 UTC）"", ""coaching_style"": ""布罗斯的南非队防守组织清晰，偏向用稳定核心和快速转换解决进攻效率。"", ""tactical_focus"": ""以马梅洛迪日落系球员为技术底盘，门将罗恩文-威廉姆斯参与出球，莫科埃纳负责中场推进和远射，前场用福斯特、阿波利斯冲击身后。""}}"
Korea Republic,KOR,韩国,A,Hong Myung-bo,4-2-3-1,"4-3-3,4-4-2",洪明甫强调纪律、体能和快速转换,洪明甫强调纪律、体能和快速转换，防守端更重视中路保护。 金玟哉是防线核心，孙兴慜、黄喜灿负责从边路或肋部打纵深，李在城和李刚仁类型球员负责连接前后场。,"92020288,66032157,66014588,66034886,89063073",final_26,"{""key_player_names"": [""Son Heung-min"", ""Lee Jae-sung"", ""Hwang Hee-chan"", ""Hwang In-beom"", ""Kim Min-jae""], ""raw_tactics"": {""squad_status_raw"": ""26人最终名单（FIFA官方Version 1，2026-06-12 04:24 UTC）"", ""coaching_style"": ""洪明甫强调纪律、体能和快速转换，防守端更重视中路保护。"", ""tactical_focus"": ""金玟哉是防线核心，孙兴慜、黄喜灿负责从边路或肋部打纵深，李在城和李刚仁类型球员负责连接前后场。""}}"
Bosnia And Herzegovina,BIH,波黑,B,Sergej Barbarez,4-2-3-1,"3-5-2,4-4-2",巴尔巴雷兹更重视团队情绪和对抗强度,巴尔巴雷兹更重视团队情绪和对抗强度，体系上会围绕锋线支点和中场经验做取舍。 波黑适合用双前锋或单中锋支点牵制，边路传中和定位球威胁明显；防守端关键是避免中场被速度型对手拉开。,"8502440,92029805,91158071,21026981,93145052",final_26,"{""key_player_names"": [""Edin Džeko"", ""Sead Kolašinac"", ""Ermedin Demirović"", ""Amir Hadžiahmetović"", ""Benjamin Tahirović""], ""raw_tactics"": {""squad_status_raw"": ""26人最终名单（FIFA官方Version 1，2026-06-12 04:24 UTC）"", ""coaching_style"": ""巴尔巴雷兹更重视团队情绪和对抗强度，体系上会围绕锋线支点和中场经验做取舍。"", ""tactical_focus"": ""波黑适合用双前锋或单中锋支点牵制，边路传中和定位球威胁明显；防守端关键是避免中场被速度型对手拉开。""}}"
Canada,CAN,加拿大,B,Jesse Marsch,4-2-2-2,"4-3-3,4-2-3-1",马什是典型高压迫、纵向推进型教练,马什是典型高压迫、纵向推进型教练，强调夺回球权后的第一时间向前。 戴维、戴维斯、布坎南等速度点适合压迫后直塞反击；中场需要在高位压迫和身后保护之间保持平衡。,"18108540,72044151,20041862,72040331,72052880",final_26,"{""key_player_names"": [""Jonathan David"", ""Cyle Larin"", ""Alphonso Davies"", ""Jonathan Osorio"", ""Tajon Buchanan""], ""raw_tactics"": {""squad_status_raw"": ""26人最终名单（FIFA官方Version 1，2026-06-12 04:24 UTC）"", ""coaching_style"": ""马什是典型高压迫、纵向推进型教练，强调夺回球权后的第一时间向前。"", ""tactical_focus"": ""戴维、戴维斯、布坎南等速度点适合压迫后直塞反击；中场需要在高位压迫和身后保护之间保持平衡。""}}"
Qatar,QAT,卡塔尔,B,Julen Lopetegui,4-3-3,"4-2-3-1,4-1-4-1",洛佩特吉偏西班牙式控球与前场压迫,洛佩特吉偏西班牙式控球与前场压迫，重视后场出球结构和边路宽度。 阿菲夫与阿尔莫埃兹-阿里仍是进攻核心，球队会通过中场三角短传进入前场，但面对高压时可能回到更直接的转换。,"23046562,16183022,18091019,12038077,23117278",final_26,"{""key_player_names"": [""Hassan Al-Haydos"", ""Almoez Ali"", ""Akram Afif"", ""Boualem Khoukhi"", ""Abdulaziz Hatem""], ""raw_tactics"": {""squad_status_raw"": ""26人最终名单（FIFA官方Version 1，2026-06-12 04:24 UTC）"", ""coaching_style"": ""洛佩特吉偏西班牙式控球与前场压迫，重视后场出球结构和边路宽度。"", ""tactical_focus"": ""阿菲夫与阿尔莫埃兹-阿里仍是进攻核心，球队会通过中场三角短传进入前场，但面对高压时可能回到更直接的转换。""}}"
Switzerland,SUI,瑞士,B,Murat Yakin,3-4-2-1,"4-2-3-1,3-5-2",雅金擅长在三中卫和四后卫之间切换,雅金擅长在三中卫和四后卫之间切换，比赛计划通常非常针对对手。 瑞士靠扎卡控制节奏，利用恩多耶、奥卡福等边路速度打开空间；防守时可退成五后卫保持禁区保护。,"98003821,98003635,98029385,98006034,98031331",final_26,"{""key_player_names"": [""Granit Xhaka"", ""Ricardo Rodriguez"", ""Breel Embolo"", ""Remo Freuler"", ""Manuel Akanji""], ""raw_tactics"": {""squad_status_raw"": ""26人最终名单（FIFA官方Version 1，2026-06-12 04:24 UTC）"", ""coaching_style"": ""雅金擅长在三中卫和四后卫之间切换，比赛计划通常非常针对对手。"", ""tactical_focus"": ""瑞士靠扎卡控制节奏，利用恩多耶、奥卡福等边路速度打开空间；防守时可退成五后卫保持禁区保护。""}}"
Brazil,BRA,巴西,C,Carlo Ancelotti,4-3-3,"4-2-3-1,4-4-2",安切洛蒂以灵活、平衡和球星关系管理见长,安切洛蒂以灵活、平衡和球星关系管理见长，不会把体系压过球员特点。 巴西更可能用双后腰保护攻守转换，让维尼修斯、罗德里戈、拉菲尼亚等人获得边路和肋部一对一；关键是前场压迫后的二次进攻。,"19163495,19061518,19226741,19058734,19024412",final_26,"{""key_player_names"": [""Marquinhos"", ""Casemiro"", ""Lucas Paquetá"", ""Alisson"", ""NEYMAR JR""], ""raw_tactics"": {""squad_status_raw"": ""26人最终名单（FIFA官方Version 1，2026-06-12 04:24 UTC）"", ""coaching_style"": ""安切洛蒂以灵活、平衡和球星关系管理见长，不会把体系压过球员特点。"", ""tactical_focus"": ""巴西更可能用双后腰保护攻守转换，让维尼修斯、罗德里戈、拉菲尼亚等人获得边路和肋部一对一；关键是前场压迫后的二次进攻。""}}"
Haiti,HAI,海地,C,Sébastien Migné,4-2-3-1,"4-4-2,5-4-1",米涅偏务实和纪律化,米涅偏务实和纪律化，适合弱势局面下的紧凑防守与快速反击。 海地会尽量压缩中路空间，利用杜克、纳宗等前场球员冲击身后；定位球和对手失误是重要进攻来源。,"85121512,8442435,72051178,82050160,19165169",final_26,"{""key_player_names"": [""Duckens Nazon"", ""Johny Placide"", ""Frantzdy Pierrot"", ""Ricardo Adé"", ""ARCUS Carlens""], ""raw_tactics"": {""squad_status_raw"": ""26人最终名单（FIFA官方Version 1，2026-06-12 04:24 UTC）"", ""coaching_style"": ""米涅偏务实和纪律化，适合弱势局面下的紧凑防守与快速反击。"", ""tactical_focus"": ""海地会尽量压缩中路空间，利用杜克、纳宗等前场球员冲击身后；定位球和对手失误是重要进攻来源。""}}"
Morocco,MAR,摩洛哥,C,Mohamed Ouahbi,4-2-3-1,"4-3-3,4-1-4-1",瓦赫比的体系倾向年轻化、技术化和快速边路推进,瓦赫比的体系倾向年轻化、技术化和快速边路推进，同时继承摩洛哥近年强对抗、防守韧性。 阿什拉夫、马兹拉维式边路推进和齐耶赫/布法尔类型创造力是进攻关键；无球阶段可退成紧凑4-1-4-1。,"67228634,13197862,12029963,37045879,49052370",final_26,"{""key_player_names"": [""Achraf Hakimi"", ""Ayoub El Kaabi"", ""Yassine Bounou"", ""Sofyan Amrabat"", ""Azzedine Ounahi""], ""raw_tactics"": {""squad_status_raw"": ""26人最终名单（FIFA官方Version 1，2026-06-12 04:24 UTC）"", ""coaching_style"": ""瓦赫比的体系倾向年轻化、技术化和快速边路推进，同时继承摩洛哥近年强对抗、防守韧性。"", ""tactical_focus"": ""阿什拉夫、马兹拉维式边路推进和齐耶赫/布法尔类型创造力是进攻关键；无球阶段可退成紧凑4-1-4-1。""}}"
Scotland,SCO,苏格兰,C,Steve Clarke,3-4-2-1,"3-5-2,5-4-1",克拉克体系稳定,克拉克体系稳定，强调低风险推进、三中卫保护和边翼卫参与进攻。 苏格兰会用罗伯逊和右路翼卫提供宽度，麦克托米奈后插上和定位球是重要得分点；面对强队会更深地保护禁区。,"61043456,61043070,29125343,61042900,5200647",final_26,"{""key_player_names"": [""Andy Robertson"", ""John McGinn"", ""Scott McTominay"", ""Ryan Christie"", ""Craig Gordon""], ""raw_tactics"": {""squad_status_raw"": ""26人最终名单（FIFA官方Version 1，2026-06-12 04:24 UTC）"", ""coaching_style"": ""克拉克体系稳定，强调低风险推进、三中卫保护和边翼卫参与进攻。"", ""tactical_focus"": ""苏格兰会用罗伯逊和右路翼卫提供宽度，麦克托米奈后插上和定位球是重要得分点；面对强队会更深地保护禁区。""}}"
Australia,AUS,澳大利亚,D,Tony Popovic,3-4-2-1,"4-2-3-1,4-4-2",波波维奇重视防守秩序、身体对抗和定位球,波波维奇重视防守秩序、身体对抗和定位球，球队通常比赛方式直接。 澳大利亚会通过中后场长传、边路传中和二点球推进，伊尔代尔/博伊尔等速度点负责转换；三中卫可提升防空和禁区保护。,"15016604,61041668,29065287,15009268,15040452",final_26,"{""key_player_names"": [""Mathew Ryan"", ""Jackson Irvine"", ""Mathew Leckie"", ""Aziz Behich"", ""Awer Mabil""], ""raw_tactics"": {""squad_status_raw"": ""26人最终名单（FIFA官方Version 1，2026-06-12 04:24 UTC）"", ""coaching_style"": ""波波维奇重视防守秩序、身体对抗和定位球，球队通常比赛方式直接。"", ""tactical_focus"": ""澳大利亚会通过中后场长传、边路传中和二点球推进，伊尔代尔/博伊尔等速度点负责转换；三中卫可提升防空和禁区保护。""}}"
Paraguay,PAR,巴拉圭,D,Gustavo Alfaro,4-2-3-1,"4-4-2,5-4-1",阿尔法罗是典型南美务实派,阿尔法罗是典型南美务实派，低/中位防守、身体对抗和定位球质量很重要。 巴拉圭会用紧凑防线限制中路，进攻依赖阿尔米隆、恩西索等人的带球推进和圣纳夫里亚式终结；领先后会更保守。,"79010306,79024232,79024221,67181404,79013838",final_26,"{""key_player_names"": [""Gustavo Gómez"", ""Miguel Almirón"", ""Júnior Alonso"", ""Antonio Sanabria"", ""Fabián Balbuena""], ""raw_tactics"": {""squad_status_raw"": ""26人最终名单（FIFA官方Version 1，2026-06-12 04:24 UTC）"", ""coaching_style"": ""阿尔法罗是典型南美务实派，低/中位防守、身体对抗和定位球质量很重要。"", ""tactical_focus"": ""巴拉圭会用紧凑防线限制中路，进攻依赖阿尔米隆、恩西索等人的带球推进和圣纳夫里亚式终结；领先后会更保守。""}}"
Türkiye,TUR,土耳其,D,Vincenzo Montella,4-2-3-1,"4-3-3,4-1-4-1",蒙特拉鼓励技术型中前场大胆持球,蒙特拉鼓励技术型中前场大胆持球，整体比传统土耳其更强调流动性和前场压迫。 恰尔汗奥卢控制第一脚出球，阿尔达-居莱尔、凯南-伊尔迪兹等人在肋部寻找最后一传；边后卫压上后身后保护是风险点。,"92026209,91100534,70099785,83176849,70097248",final_26,"{""key_player_names"": [""Hakan Çalhanoğlu"", ""Kaan Ayhan"", ""Kerem Aktürkoğlu"", ""Merih Demiral"", ""Zeki Çelik""], ""raw_tactics"": {""squad_status_raw"": ""26人最终名单（FIFA官方Version 1，2026-06-12 04:24 UTC）"", ""coaching_style"": ""蒙特拉鼓励技术型中前场大胆持球，整体比传统土耳其更强调流动性和前场压迫。"", ""tactical_focus"": ""恰尔汗奥卢控制第一脚出球，阿尔达-居莱尔、凯南-伊尔迪兹等人在肋部寻找最后一传；边后卫压上后身后保护是风险点。""}}"
USA,USA,美国,D,Mauricio Pochettino,4-2-3-1,"4-3-3,4-4-2",波切蒂诺强调高压、快速纵向推进和前场球员轮转,波切蒂诺强调高压、快速纵向推进和前场球员轮转，重视比赛强度。 普利希奇、雷纳、麦肯尼和穆萨构成推进核心，巴洛贡/佩皮负责牵制中卫；防守端需要控制高位压迫被打穿后的空间。,"92074020,72021508,72048035,20046423,48042432",final_26,"{""key_player_names"": [""Christian Pulisic"", ""Tim Ream"", ""Weston McKennie"", ""Brenden Aaronson"", ""Timothy Weah""], ""raw_tactics"": {""squad_status_raw"": ""26人最终名单（FIFA官方Version 1，2026-06-12 04:24 UTC）"", ""coaching_style"": ""波切蒂诺强调高压、快速纵向推进和前场球员轮转，重视比赛强度。"", ""tactical_focus"": ""普利希奇、雷纳、麦肯尼和穆萨构成推进核心，巴洛贡/佩皮负责牵制中卫；防守端需要控制高位压迫被打穿后的空间。""}}"
Curaçao,CUW,库拉索,E,Dick Advocaat,4-2-3-1,"4-3-3,5-4-1",艾德沃卡特经验丰富,艾德沃卡特经验丰富，风格偏稳健和结果导向，愿意先把防守结构搭牢。 库拉索会以荷兰体系球员的脚下能力组织反击，边路速度和定位球是抢分关键；面对强队大概率回撤成中低位。,"37019044,37046963,860472,216444,28058332",final_26,"{""key_player_names"": [""Leandro Bacuna"", ""Juninho Bacuna"", ""Eloy Room"", ""Juriën Gaari"", ""Kenji Gorré""], ""raw_tactics"": {""squad_status_raw"": ""26人最终名单（FIFA官方Version 1，2026-06-12 04:24 UTC）"", ""coaching_style"": ""艾德沃卡特经验丰富，风格偏稳健和结果导向，愿意先把防守结构搭牢。"", ""tactical_focus"": ""库拉索会以荷兰体系球员的脚下能力组织反击，边路速度和定位球是抢分关键；面对强队大概率回撤成中低位。""}}"
Ecuador,ECU,厄瓜多尔,E,Sebastián Beccacece,3-4-2-1,"4-2-3-1,4-3-3",贝卡塞塞偏进攻主动、强调压迫和快速夺回球权,贝卡塞塞偏进攻主动、强调压迫和快速夺回球权，阵型可在三中卫与四后卫间切换。 凯塞多和派斯类型球员负责中场推进，边翼卫/边锋拉开宽度；高压逼抢后的反击是最具威胁的进攻方式。,"86012153,86078360,86066846,86066841,86045976",final_26,"{""key_player_names"": [""Enner Valencia"", ""Moisés Caicedo"", ""Gonzalo Plata"", ""Alan Franco"", ""Pervis Estupiñán""], ""raw_tactics"": {""squad_status_raw"": ""26人最终名单（FIFA官方Version 1，2026-06-12 04:24 UTC）"", ""coaching_style"": ""贝卡塞塞偏进攻主动、强调压迫和快速夺回球权，阵型可在三中卫与四后卫间切换。"", ""tactical_focus"": ""凯塞多和派斯类型球员负责中场推进，边翼卫/边锋拉开宽度；高压逼抢后的反击是最具威胁的进攻方式。""}}"
Germany,GER,德国,E,Julian Nagelsmann,4-2-3-1,"3-4-2-1,4-3-3",纳格尔斯曼强调结构化控球、位置轮转和反抢,纳格尔斯曼强调结构化控球、位置轮转和反抢，常用不对称站位创造中路人数优势。 德国会用中场双核控制节奏，穆西亚拉、维尔茨等在肋部自由接球；边后卫内收或压上取决于对手压迫方式。,"92039023,8718372,91138280,91151081,91104807",final_26,"{""key_player_names"": [""Joshua Kimmich"", ""Manuel Neuer"", ""Leroy Sané"", ""Kai Havertz"", ""Leon Goretzka""], ""raw_tactics"": {""squad_status_raw"": ""26人最终名单（FIFA官方Version 1，2026-06-12 04:24 UTC）"", ""coaching_style"": ""纳格尔斯曼强调结构化控球、位置轮转和反抢，常用不对称站位创造中路人数优势。"", ""tactical_focus"": ""德国会用中场双核控制节奏，穆西亚拉、维尔茨等在肋部自由接球；边后卫内收或压上取决于对手压迫方式。""}}"
Côte D'Ivoire,CIV,科特迪瓦,E,Emerse Faé,4-3-3,"4-2-3-1,4-4-2",法埃延续科特迪瓦的身体优势和速度优势,法埃延续科特迪瓦的身体优势和速度优势，同时更重视中场平衡。 凯西、福法纳等中场负责对抗与推进，阿丁格拉、佩佩类型边锋制造转换威胁；防守端需要减少后场出球失误。,"13136664,48042717,85136376,12021720,83137942",final_26,"{""key_player_names"": [""Franck Kessié"", ""Ibrahim Sangaré"", ""Nicolas Pépé"", ""Jean Michaël Seri"", ""Ghislain Konan""], ""raw_tactics"": {""squad_status_raw"": ""26人最终名单（FIFA官方Version 1，2026-06-12 04:24 UTC）"", ""coaching_style"": ""法埃延续科特迪瓦的身体优势和速度优势，同时更重视中场平衡。"", ""tactical_focus"": ""凯西、福法纳等中场负责对抗与推进，阿丁格拉、佩佩类型边锋制造转换威胁；防守端需要减少后场出球失误。""}}"
Japan,JPN,日本,F,Hajime Moriyasu,4-2-3-1,"3-4-2-1,4-3-3",森保一非常灵活,森保一非常灵活，能在控球、反击和三中卫防守间切换，临场调整能力强。 日本会用技术型中场和边路速度制造连续小组配合，久保、三笘、堂安类型球员负责肋部突破；领先后可切到五后卫。,"45005331,45092815,45095577,45092714,45104608",final_26,"{""key_player_names"": [""Yūto Nagatomo"", ""Junya Itō"", ""Ritsu Dōan"", ""Daichi Kamada"", ""KUBO Takefusa""], ""raw_tactics"": {""squad_status_raw"": ""26人最终名单（FIFA官方Version 1，2026-06-12 04:24 UTC）"", ""coaching_style"": ""森保一非常灵活，能在控球、反击和三中卫防守间切换，临场调整能力强。"", ""tactical_focus"": ""日本会用技术型中场和边路速度制造连续小组配合，久保、三笘、堂安类型球员负责肋部突破；领先后可切到五后卫。""}}"
Netherlands,NED,荷兰,F,Ronald Koeman,4-3-3,"3-4-2-1,3-5-2",科曼延续荷兰控球传统,科曼延续荷兰控球传统，但在大赛里会务实地使用三中卫。 范戴克领衔的防线支持后场出球，德容式中场推进和边路宽度是关键；锋线依靠加克波、德佩等人的肋部跑动。,"37024470,37024025,37052843,37062185,37026994",final_26,"{""key_player_names"": [""Memphis Depay"", ""Virgil van Dijk"", ""Denzel Dumfries"", ""Cody Gakpo"", ""Wout Weghorst""], ""raw_tactics"": {""squad_status_raw"": ""26人最终名单（FIFA官方Version 1，2026-06-12 04:24 UTC）"", ""coaching_style"": ""科曼延续荷兰控球传统，但在大赛里会务实地使用三中卫。"", ""tactical_focus"": ""范戴克领衔的防线支持后场出球，德容式中场推进和边路宽度是关键；锋线依靠加克波、德佩等人的肋部跑动。""}}"
Sweden,SWE,瑞典,F,Graham Potter,3-4-2-1,"4-2-3-1,4-4-2",波特式执教强调阵型弹性、三线距离和球员轮转,波特式执教强调阵型弹性、三线距离和球员轮转，适合在不同阶段切换控球与反击。 瑞典锋线具备高度和冲击力，中场需要把球快速送到肋部和禁区；三中卫体系可释放边翼卫传中。,"93023425,93070286,93070271,93065023,93023836",final_26,"{""key_player_names"": [""Victor Lindelöf"", ""Alexander Isak"", ""Viktor Gyökeres"", ""Mattias Svanberg"", ""Ken Sema""], ""raw_tactics"": {""squad_status_raw"": ""26人最终名单（FIFA官方Version 1，2026-06-12 04:24 UTC）"", ""coaching_style"": ""波特式执教强调阵型弹性、三线距离和球员轮转，适合在不同阶段切换控球与反击。"", ""tactical_focus"": ""瑞典锋线具备高度和冲击力，中场需要把球快速送到肋部和禁区；三中卫体系可释放边翼卫传中。""}}"
Tunisia,TUN,突尼斯,F,Sabri Lamouchi,4-3-3,"4-2-3-1,5-4-1",拉穆希倾向稳固防线和快速反击,拉穆希倾向稳固防线和快速反击，打法重纪律、覆盖和对抗。 突尼斯会优先封锁中路，靠边路推进和前锋身后跑动创造机会；定位球防守和进攻同样关键。,"85126092,13198535,12055780,48043981,49056369",final_26,"{""key_player_names"": [""Ellyes Skhiri"", ""Montassar Talbi"", ""Ali Abdi"", ""Dylan Bronn"", ""MEJBRI Hannibal""], ""raw_tactics"": {""squad_status_raw"": ""26人最终名单（FIFA官方Version 1，2026-06-12 04:24 UTC）"", ""coaching_style"": ""拉穆希倾向稳固防线和快速反击，打法重纪律、覆盖和对抗。"", ""tactical_focus"": ""突尼斯会优先封锁中路，靠边路推进和前锋身后跑动创造机会；定位球防守和进攻同样关键。""}}"
Belgium,BEL,比利时,G,Rudi Garcia,4-2-3-1,"4-3-3,3-4-2-1",鲁迪-加西亚偏进攻平衡,鲁迪-加西亚偏进攻平衡，重视边路推进和前腰/中锋之间的连接。 德布劳内式核心负责组织最后一传，多库、卢克巴基奥等速度点冲击边路；防线年龄结构要求中场给足保护。,"18007344,18004457,8169215,18077264,18026122",final_26,"{""key_player_names"": [""Romelu Lukaku"", ""Kevin De Bruyne"", ""Axel Witsel"", ""Youri Tielemans"", ""Thibaut Courtois""], ""raw_tactics"": {""squad_status_raw"": ""26人最终名单（FIFA官方Version 1，2026-06-12 04:24 UTC）"", ""coaching_style"": ""鲁迪-加西亚偏进攻平衡，重视边路推进和前腰/中锋之间的连接。"", ""tactical_focus"": ""德布劳内式核心负责组织最后一传，多库、卢克巴基奥等速度点冲击边路；防线年龄结构要求中场给足保护。""}}"
Egypt,EGY,埃及,G,Hossam Hassan,4-3-3,"4-2-3-1,4-4-2",霍萨姆-哈桑强调强硬作风、情绪动员和快速直接的进攻选择,霍萨姆-哈桑强调强硬作风、情绪动员和快速直接的进攻选择。 萨拉赫是绝对进攻轴心，球队会在防守后尽快找右路或身后空间；中场需要承担大量保护和二点争夺。,"98028755,13156726,18084626,91205962,12020128",final_26,"{""key_player_names"": [""Mohamed Salah"", ""Trézéguet"", ""Zizo"", ""Omar Marmoush"", ""Mohamed El Shenawy""], ""raw_tactics"": {""squad_status_raw"": ""26人最终名单（FIFA官方Version 1，2026-06-12 04:24 UTC）"", ""coaching_style"": ""霍萨姆-哈桑强调强硬作风、情绪动员和快速直接的进攻选择。"", ""tactical_focus"": ""萨拉赫是绝对进攻轴心，球队会在防守后尽快找右路或身后空间；中场需要承担大量保护和二点争夺。""}}"
IR Iran,IRN,伊朗,G,Amir Ghalenoei,4-2-3-1,"4-4-2,5-4-1",加勒诺伊的伊朗队经验丰富、务实,加勒诺伊的伊朗队经验丰富、务实，重视中低位防守和转换效率。 塔雷米是锋线支点和终结点，中场通过埃扎托拉希等人保护禁区前沿；定位球与长传找前锋是常规武器。,"23127918,37044889,23240168,23127761,23034077",final_26,"{""key_player_names"": [""Mehdi Taremi"", ""Alireza Jahanbakhsh"", ""Saeid Ezatolahi"", ""Ramin Rezaeian"", ""HAJISAFI Ehsan""], ""raw_tactics"": {""squad_status_raw"": ""26人最终名单（FIFA官方Version 1，2026-06-12 04:24 UTC）"", ""coaching_style"": ""加勒诺伊的伊朗队经验丰富、务实，重视中低位防守和转换效率。"", ""tactical_focus"": ""塔雷米是锋线支点和终结点，中场通过埃扎托拉希等人保护禁区前沿；定位球与长传找前锋是常规武器。""}}"
New Zealand,NZL,新西兰,G,Darren Bazeley,4-3-3,"4-2-3-1,5-4-1",巴兹利的球队讲究团队纪律、身体对抗和简单高效的推进,巴兹利的球队讲究团队纪律、身体对抗和简单高效的推进。 克里斯-伍德提供支点和禁区终结，边路传中和定位球是最现实的得分方式；面对强队会采用紧凑低位。,"5108293,15001285,88023993,88000990",final_26,"{""key_player_names"": [""Chris Wood"", ""Kosta Barbarouses"", ""Elijah Just"", ""Michael Boxall"", ""Tommy Smith""], ""raw_tactics"": {""squad_status_raw"": ""26人最终名单（FIFA官方Version 1，2026-06-12 04:24 UTC）"", ""coaching_style"": ""巴兹利的球队讲究团队纪律、身体对抗和简单高效的推进。"", ""tactical_focus"": ""克里斯-伍德提供支点和禁区终结，边路传中和定位球是最现实的得分方式；面对强队会采用紧凑低位。""}}"
Cabo Verde,CPV,佛得角,H,Bubista,4-3-3,"4-2-3-1,5-4-1",布比斯塔体系务实、紧凑,布比斯塔体系务实、紧凑，强调整体防守和快速边路转换。 佛得角会依靠迪亚斯、贝贝等前场球员的个人能力制造反击，后场先求稳定，定位球可能是爆冷关键。,"85042178,13131187,860985,55012348,37041867",final_26,"{""key_player_names"": [""Ryan Mendes"", ""Vozinha"", ""Garry Rodrigues"", ""Stopira"", ""Jamiro Monteiro""], ""raw_tactics"": {""squad_status_raw"": ""26人最终名单（FIFA官方Version 1，2026-06-12 04:24 UTC）"", ""coaching_style"": ""布比斯塔体系务实、紧凑，强调整体防守和快速边路转换。"", ""tactical_focus"": ""佛得角会依靠迪亚斯、贝贝等前场球员的个人能力制造反击，后场先求稳定，定位球可能是爆冷关键。""}}"
Saudi Arabia,KSA,沙特阿拉伯,H,Georgios Donis,4-2-3-1,"4-3-3,4-1-4-1",多尼斯偏重攻守平衡和速度转换,多尼斯偏重攻守平衡和速度转换，通常不会放弃前场压迫。 沙特会用本土联赛核心维持控球节奏，边路冲击和禁区前短传配合是主要进攻方式；防线身后空间是主要风险。,"23168001,23248112,23248105,23414228,23208529",final_26,"{""key_player_names"": [""Salem Al-Dawsari"", ""Mohamed Kanno"", ""Saleh Al-Shehri"", ""FERAS ALBRIKAN"", ""MOHAMMED ALOWAIS""], ""raw_tactics"": {""squad_status_raw"": ""26人最终名单（FIFA官方Version 1，2026-06-12 04:24 UTC）"", ""coaching_style"": ""多尼斯偏重攻守平衡和速度转换，通常不会放弃前场压迫。"", ""tactical_focus"": ""沙特会用本土联赛核心维持控球节奏，边路冲击和禁区前短传配合是主要进攻方式；防线身后空间是主要风险。""}}"
Spain,ESP,西班牙,H,Luis de la Fuente,4-3-3,"4-2-3-1,4-1-4-1",德拉富恩特延续西班牙控球传统,德拉富恩特延续西班牙控球传统，但更重视边锋一对一和进攻速度。 罗德里/佩德里式中场控制节奏，亚马尔、尼科-威廉姆斯等宽度点拉开防线；丢球后立即反抢。,"67217524,89056845,67220143,24048100,67211760",final_26,"{""key_player_names"": [""Rodri"", ""Ferran Torres"", ""Mikel Oyarzabal"", ""Dani Olmo"", ""Mikel Merino""], ""raw_tactics"": {""squad_status_raw"": ""26人最终名单（FIFA官方Version 1，2026-06-12 04:24 UTC）"", ""coaching_style"": ""德拉富恩特延续西班牙控球传统，但更重视边锋一对一和进攻速度。"", ""tactical_focus"": ""罗德里/佩德里式中场控制节奏，亚马尔、尼科-威廉姆斯等宽度点拉开防线；丢球后立即反抢。""}}"
Uruguay,URU,乌拉圭,H,Marcelo Bielsa,4-3-3,"4-2-3-1,3-3-1-3",贝尔萨风格鲜明：高强度压迫、纵向推进、局部人盯人和大量前插,贝尔萨风格鲜明：高强度压迫、纵向推进、局部人盯人和大量前插。 巴尔韦德、乌加特支撑中场压迫，努涅斯冲击身后，边路会不断制造传中和倒三角；体能与空间管理是成败关键。,"78060464,78001113,78074594,78059800,14094572",final_26,"{""key_player_names"": [""José María Giménez"", ""Fernando Muslera"", ""Federico Valverde"", ""Giorgian de Arrascaeta"", ""Rodrigo Bentancur""], ""raw_tactics"": {""squad_status_raw"": ""26人最终名单（FIFA官方Version 1，2026-06-12 04:24 UTC）"", ""coaching_style"": ""贝尔萨风格鲜明：高强度压迫、纵向推进、局部人盯人和大量前插。"", ""tactical_focus"": ""巴尔韦德、乌加特支撑中场压迫，努涅斯冲击身后，边路会不断制造传中和倒三角；体能与空间管理是成败关键。""}}"
France,FRA,法国,I,Didier Deschamps,4-2-3-1,"4-3-3,4-4-2",德尚大赛风格极其务实,德尚大赛风格极其务实，优先保证防守结构，再释放前场巨星的转换速度。 姆巴佩、登贝莱等速度点决定反击上限，格列兹曼/中场核心负责串联；领先后法国会降低风险、压缩空间。,"85139014,85140178,85081880,85086031,85033423",final_26,"{""key_player_names"": [""Kylian Mbappé"", ""Ousmane Dembélé"", ""N'Golo Kanté"", ""Adrien Rabiot"", ""Lucas Digne""], ""raw_tactics"": {""squad_status_raw"": ""26人最终名单（FIFA官方Version 1，2026-06-12 04:24 UTC）"", ""coaching_style"": ""德尚大赛风格极其务实，优先保证防守结构，再释放前场巨星的转换速度。"", ""tactical_focus"": ""姆巴佩、登贝莱等速度点决定反击上限，格列兹曼/中场核心负责串联；领先后法国会降低风险、压缩空间。""}}"
Iraq,IRQ,伊拉克,I,Graham Arnold,4-2-3-1,"4-4-2,4-3-3",格雷厄姆-阿诺德强调防守纪律、身体对抗和比赛管理,格雷厄姆-阿诺德强调防守纪律、身体对抗和比赛管理，适合杯赛弱势局面。 伊拉克会用双后腰保护中路，依靠边路推进和锋线支点打转换；定位球攻防是抢分关键。,"23325135,23320744,54200063,23433998,93053622",final_26,"{""key_player_names"": [""Aymen Hussein"", ""Jalal Hassan"", ""Mohanad Ali"", ""Ibrahim Bayesh"", ""Amir Al-Ammari""], ""raw_tactics"": {""squad_status_raw"": ""26人最终名单（FIFA官方Version 1，2026-06-12 04:24 UTC）"", ""coaching_style"": ""格雷厄姆-阿诺德强调防守纪律、身体对抗和比赛管理，适合杯赛弱势局面。"", ""tactical_focus"": ""伊拉克会用双后腰保护中路，依靠边路推进和锋线支点打转换；定位球攻防是抢分关键。""}}"
Norway,NOR,挪威,I,Ståle Solbakken,4-3-3,"4-4-2,4-2-3-1",索尔巴肯体系直接而清晰,索尔巴肯体系直接而清晰，围绕哈兰德的纵深和厄德高的组织展开。 挪威会用中场控球找到厄德高，再通过直塞、传中和二点球服务哈兰德；防守端需要避免阵线过长。,"29179241,53095137,53063430,53101282,53004955",final_26,"{""key_player_names"": [""Erling Haaland"", ""Martin Ødegaard"", ""Alexander Sørloth"", ""Sander Berge"", ""Ørjan Nyland""], ""raw_tactics"": {""squad_status_raw"": ""26人最终名单（FIFA官方Version 1，2026-06-12 04:24 UTC）"", ""coaching_style"": ""索尔巴肯体系直接而清晰，围绕哈兰德的纵深和厄德高的组织展开。"", ""tactical_focus"": ""挪威会用中场控球找到厄德高，再通过直塞、传中和二点球服务哈兰德；防守端需要避免阵线过长。""}}"
Senegal,SEN,塞内加尔,I,Pape Thiaw,4-3-3,"4-2-3-1,4-4-2",帕普-蒂亚乌延续塞内加尔强对抗、快速转换的传统,帕普-蒂亚乌延续塞内加尔强对抗、快速转换的传统，防守端重团队覆盖。 马内、萨尔等速度点冲击肋部，库利巴利领衔后防，盖耶/中场屏障负责破坏和向前第一传。,"85100467,85051083,48042766,13191636,85032335",final_26,"{""key_player_names"": [""Sadio Mané"", ""Kalidou Koulibaly"", ""Ismaïla Sarr"", ""Krépin Diatta"", ""GUEYE Idrissa Gana""], ""raw_tactics"": {""squad_status_raw"": ""26人最终名单（FIFA官方Version 1，2026-06-12 04:24 UTC）"", ""coaching_style"": ""帕普-蒂亚乌延续塞内加尔强对抗、快速转换的传统，防守端重团队覆盖。"", ""tactical_focus"": ""马内、萨尔等速度点冲击肋部，库利巴利领衔后防，盖耶/中场屏障负责破坏和向前第一传。""}}"
Algeria,ALG,阿尔及利亚,J,Vladimir Petković,4-2-3-1,"3-4-2-1,4-3-3",佩特科维奇偏平衡和结构化,佩特科维奇偏平衡和结构化，能在控球阵地战与三中卫防守之间切换。 马赫雷斯提供右路创造，技术型中场负责节奏，锋线需要通过换位拉开射门窗口；防守要控制边后卫身后。,"85078058,85079680,12038706,2000069643,28085752",final_26,"{""key_player_names"": [""Riyad Mahrez"", ""Aïssa Mandi"", ""Ramy Bensebaini"", ""Mohamed Amoura"", ""Nabil Bentaleb""], ""raw_tactics"": {""squad_status_raw"": ""26人最终名单（FIFA官方Version 1，2026-06-12 04:24 UTC）"", ""coaching_style"": ""佩特科维奇偏平衡和结构化，能在控球阵地战与三中卫防守之间切换。"", ""tactical_focus"": ""马赫雷斯提供右路创造，技术型中场负责节奏，锋线需要通过换位拉开射门窗口；防守要控制边后卫身后。""}}"
Argentina,ARG,阿根廷,J,Lionel Scaloni,4-3-3,"4-4-2,3-5-2",斯卡洛尼强调灵活、团队保护和比赛细节,斯卡洛尼强调灵活、团队保护和比赛细节，体系服务于梅西与中场控制。 阿根廷可用4-3-3保持压迫，也可用4-4-2保护边路；梅西在右肋/中路自由接球，阿尔瓦雷斯和劳塔罗提供冲击和终结。,"7458500,14110660,14004589,14048343,14024702",final_26,"{""key_player_names"": [""Lionel Messi"", ""Lautaro Martínez"", ""Nicolás Otamendi"", ""Rodrigo De Paul"", ""Leandro Paredes""], ""raw_tactics"": {""squad_status_raw"": ""26人最终名单（FIFA官方Version 1，2026-06-12 04:24 UTC）"", ""coaching_style"": ""斯卡洛尼强调灵活、团队保护和比赛细节，体系服务于梅西与中场控制。"", ""tactical_focus"": ""阿根廷可用4-3-3保持压迫，也可用4-4-2保护边路；梅西在右肋/中路自由接球，阿尔瓦雷斯和劳塔罗提供冲击和终结。""}}"
Austria,AUT,奥地利,J,Ralf Rangnick,4-2-2-2,"4-2-3-1,4-3-3",朗尼克是高压和快速纵向进攻代表,朗尼克是高压和快速纵向进攻代表，球队无球阶段非常主动。 奥地利会用前场压迫迫使对手出球失误，随后快速找禁区前沿；萨比策、莱默尔等中场负责强度和第二落点。,"37003555,16010162,16045721,16045723,16096614",final_26,"{""key_player_names"": [""Marko Arnautović"", ""David Alaba"", ""Marcel Sabitzer"", ""Michael Gregoritsch"", ""GRILLITSCH Florian""], ""raw_tactics"": {""squad_status_raw"": ""26人最终名单（FIFA官方Version 1，2026-06-12 04:24 UTC）"", ""coaching_style"": ""朗尼克是高压和快速纵向进攻代表，球队无球阶段非常主动。"", ""tactical_focus"": ""奥地利会用前场压迫迫使对手出球失误，随后快速找禁区前沿；萨比策、莱默尔等中场负责强度和第二落点。""}}"
Jordan,JOR,约旦,J,Jamal Sellami,3-4-2-1,"5-4-1,4-2-3-1",塞拉米偏务实和团队纪律,塞拉米偏务实和团队纪律，约旦在强队面前会更重视防线完整性。 穆萨-塔马里是反击第一出口，边路速度和定位球是主要得分方式；无球时可能形成五后卫或深度4-4-2。,"64049018,23243726,23238345,26038808,23233197",final_26,"{""key_player_names"": [""Ali Olwan"", ""Mahmoud Al-Mardi"", ""Yazan Al-Arab"", ""MOUSA ALTAMARI"", ""EHSAN HADDAD""], ""raw_tactics"": {""squad_status_raw"": ""26人最终名单（FIFA官方Version 1，2026-06-12 04:24 UTC）"", ""coaching_style"": ""塞拉米偏务实和团队纪律，约旦在强队面前会更重视防线完整性。"", ""tactical_focus"": ""穆萨-塔马里是反击第一出口，边路速度和定位球是主要得分方式；无球时可能形成五后卫或深度4-4-2。""}}"
Colombia,COL,哥伦比亚,K,Néstor Lorenzo,4-2-3-1,"4-3-3,4-4-2",洛伦索的哥伦比亚平衡性强,洛伦索的哥伦比亚平衡性强，既能控球也能通过边路速度打转换。 迪亚斯是左路爆点，哈梅斯/金特罗类型球员负责最后一传，莱尔马等中场提供对抗和保护。,"76002390,8835677,76049803,76023027,76038475",final_26,"{""key_player_names"": [""James Rodríguez"", ""David Ospina"", ""Luis Díaz"", ""Davinson Sánchez"", ""Jefferson Lerma""], ""raw_tactics"": {""squad_status_raw"": ""26人最终名单（FIFA官方Version 1，2026-06-12 04:24 UTC）"", ""coaching_style"": ""洛伦索的哥伦比亚平衡性强，既能控球也能通过边路速度打转换。"", ""tactical_focus"": ""迪亚斯是左路爆点，哈梅斯/金特罗类型球员负责最后一传，莱尔马等中场提供对抗和保护。""}}"
Congo DR,COD,刚果（金）,K,Sébastien Desabre,4-2-3-1,"4-3-3,5-4-1",德萨布雷强调稳定防守、快速推进和球员身体优势的释放,德萨布雷强调稳定防守、快速推进和球员身体优势的释放。 刚果（金）会通过边路速度和中锋支点打反击，中场需要承担大量覆盖；面对强队可能降低阵线保护禁区。,"18057323,34009930,85125689,85140175,13173388",final_26,"{""key_player_names"": [""Chancel Mbemba"", ""Cédric Bakambu"", ""Samuel Moutoussamy"", ""Yoane Wissa"", ""ELIA Meschack""], ""raw_tactics"": {""squad_status_raw"": ""26人最终名单（FIFA官方Version 1，2026-06-12 04:24 UTC）"", ""coaching_style"": ""德萨布雷强调稳定防守、快速推进和球员身体优势的释放。"", ""tactical_focus"": ""刚果（金）会通过边路速度和中锋支点打反击，中场需要承担大量覆盖；面对强队可能降低阵线保护禁区。""}}"
Portugal,POR,葡萄牙,K,Roberto Martínez,3-4-3,"4-3-3,4-2-3-1",罗伯托-马丁内斯偏控球和进攻主动,罗伯托-马丁内斯偏控球和进攻主动，常在三中卫与四后卫之间切换。 葡萄牙进攻点丰富，B费、B席、莱奥、若昂-菲利克斯等人可多点轮转；C罗/若塔类型终结点决定禁区效率。,"735216,43124203,55041632,55041623,55070299",final_26,"{""key_player_names"": [""Cristiano Ronaldo"", ""Bruno Fernandes"", ""Bernardo Silva"", ""João Cancelo"", ""Rúben Dias""], ""raw_tactics"": {""squad_status_raw"": ""26人最终名单（FIFA官方Version 1，2026-06-12 04:24 UTC）"", ""coaching_style"": ""罗伯托-马丁内斯偏控球和进攻主动，常在三中卫与四后卫之间切换。"", ""tactical_focus"": ""葡萄牙进攻点丰富，B费、B席、莱奥、若昂-菲利克斯等人可多点轮转；C罗/若塔类型终结点决定禁区效率。""}}"
Uzbekistan,UZB,乌兹别克斯坦,K,Fabio Cannavaro,5-4-1,"4-2-3-1,3-4-2-1",卡纳瓦罗作为防守型名宿,卡纳瓦罗作为防守型名宿，预计会优先建立防线稳定和禁区保护。 胡萨诺夫领衔防守，肖穆罗多夫提供锋线支点；乌兹别克斯坦会更多依赖快速反击、边路传中和定位球。,"59061760,59044494,59072225,59062049",final_26,"{""key_player_names"": [""Eldor Shomurodov"", ""Igor Sergeev"", ""Otabek Shukurov"", ""Jaloliddin Masharipov"", ""XAMROBEKOV Odiljon""], ""raw_tactics"": {""squad_status_raw"": ""26人最终名单（FIFA官方Version 1，2026-06-12 04:24 UTC）"", ""coaching_style"": ""卡纳瓦罗作为防守型名宿，预计会优先建立防线稳定和禁区保护。"", ""tactical_focus"": ""胡萨诺夫领衔防守，肖穆罗多夫提供锋线支点；乌兹别克斯坦会更多依赖快速反击、边路传中和定位球。""}}"
Croatia,CRO,克罗地亚,L,Zlatko Dalić,4-3-3,"4-2-3-1,4-1-4-1",达利奇延续克罗地亚的中场控制和大赛韧性,达利奇延续克罗地亚的中场控制和大赛韧性，节奏管理能力强。 莫德里奇/科瓦契奇式中场负责控球和减速提速，边路传中与中锋抢点补充进攻；防守重视阵型紧凑。,"653054,34012563,24004434,24016925,24021244",final_26,"{""key_player_names"": [""Luka Modrić"", ""Ivan Perišić"", ""Andrej Kramarić"", ""Mateo Kovačić"", ""Mario Pašalić""], ""raw_tactics"": {""squad_status_raw"": ""26人最终名单（FIFA官方Version 1，2026-06-12 04:24 UTC）"", ""coaching_style"": ""达利奇延续克罗地亚的中场控制和大赛韧性，节奏管理能力强。"", ""tactical_focus"": ""莫德里奇/科瓦契奇式中场负责控球和减速提速，边路传中与中锋抢点补充进攻；防守重视阵型紧凑。""}}"
England,ENG,英格兰,L,Thomas Tuchel,4-2-3-1,"3-4-2-1,4-3-3",图赫尔强调结构、压迫触发点和阵型弹性,图赫尔强调结构、压迫触发点和阵型弹性，可能比过去英格兰更重视前场轮转。 贝林厄姆、福登、萨卡、凯恩之间的空间分工是核心；球队可用双后腰稳住反击防守，也可改三中卫释放翼卫。,"28049320,28100266,28005568,28060397,28106491",final_26,"{""key_player_names"": [""Harry Kane"", ""Marcus Rashford"", ""Jordan Henderson"", ""John Stones"", ""Declan Rice""], ""raw_tactics"": {""squad_status_raw"": ""26人最终名单（FIFA官方Version 1，2026-06-12 04:24 UTC）"", ""coaching_style"": ""图赫尔强调结构、压迫触发点和阵型弹性，可能比过去英格兰更重视前场轮转。"", ""tactical_focus"": ""贝林厄姆、福登、萨卡、凯恩之间的空间分工是核心；球队可用双后腰稳住反击防守，也可改三中卫释放翼卫。""}}"
Ghana,GHA,加纳,L,Carlos Queiroz,4-3-3,"4-2-3-1,5-4-1",奎罗斯是保守务实派,奎罗斯是保守务实派，防守组织、空间压缩和反击效率优先。 加纳会用库杜斯等前场个人能力打转换，中场承担大量拦截任务；领先或面对强队时可能明显回撤。,"34010721,67175052,29194724,16199712,13117442",final_26,"{""key_player_names"": [""Jordan Ayew"", ""Thomas Partey"", ""Antoine Semenyo"", ""Gideon Mensah"", ""RAHMAN Baba""], ""raw_tactics"": {""squad_status_raw"": ""26人最终名单（FIFA官方Version 1，2026-06-12 04:24 UTC）"", ""coaching_style"": ""奎罗斯是保守务实派，防守组织、空间压缩和反击效率优先。"", ""tactical_focus"": ""加纳会用库杜斯等前场个人能力打转换，中场承担大量拦截任务；领先或面对强队时可能明显回撤。""}}"
Panama,PAN,巴拿马,L,Thomas Christiansen,3-4-3,"5-4-1,4-2-3-1",克里斯蒂安森带队纪律性强,克里斯蒂安森带队纪律性强，强调身体对抗、边路推进和直接转换。 巴拿马会用中后场紧凑防守换取反击空间，边翼卫/边锋传中和定位球是主要威胁；对强队可能摆五后卫。,"14023180,67099292,86008024,80027502,83152912",final_26,"{""key_player_names"": [""Aníbal Godoy"", ""Alberto Quintero"", ""Eric Davis"", ""BARCENAS Edgar Yoel"", ""ESCOBAR Fidel""], ""raw_tactics"": {""squad_status_raw"": ""26人最终名单（FIFA官方Version 1，2026-06-12 04:24 UTC）"", ""coaching_style"": ""克里斯蒂安森带队纪律性强，强调身体对抗、边路推进和直接转换。"", ""tactical_focus"": ""巴拿马会用中后场紧凑防守换取反击空间，边翼卫/边锋传中和定位球是主要威胁；对强队可能摆五后卫。""}}"
